{"cameraMode":{"drawMode":0,"name":"Shaded","section":"Shading Mode"},"sceneLighting":true,"audioPlay":false,"sceneViewState":{"m_AlwaysRefresh":false,"showFog":true,"showSkybox":true,"showFlares":true,"showImageEffects":true,"showParticleSystems":true,"showVisualEffectGraphs":true,"m_FxEnabled":true},"in2DMode":false,"pivot":{"x":526.0537719726563,"y":266.41448974609377,"z":2.3351385593414308},"rotation":{"x":-0.013807245530188084,"y":0.012595451436936856,"z":-0.00019215767679270357,"w":-0.999795138835907},"size":360.57452392578127,"orthographic":true}